<productinfo xmlns:xsi="http://www.w3.org/2001/XMLSchema-instance" 
    xsi:noNamespaceSchemaLocation="optional">
    <?xml-stylesheet type="text/xsl"href="optional"?>
    <!-- info.xml file for the aerospace design toolbox -->
    <!-- Copyright 2012 Joseph Moster -->
    
    <!-- Supply the following six elements in the order specified -->
    <!-- (Required) element; matlabrelease content is not currently used -->
    <matlabrelease>2012a</matlabrelease>
    <!-- (Required) The name element appears in the Contents pane -->
    <name>Aerospace Design</name>
    <!-- (Required) The type elementidentifies your package; pick one: -->
    <!-- matlab, toolbox, simulink, blockset, links_targets  -->
    <type>toolbox</type>
    <!-- (Optional) icon file to display in the Start button -->
    <icon>$toolbox/matlab/icons/matlabicon.gif</icon>
    <!-- (Required if you supply help) relative path to help (HTML) folder -->
    <help_location>html</help_location>
    <!-- (Required if you supply help) icon used in the Help browser TOC -->
    <help_contents_icon>$toolbox/matlab/icons/book_mat.gif</help_contents_icon>
    
    <!-- - - - - - - - - - - - -  Start menu - - - - - - - - - - - - - - - -->
    <!-- Optional list of entries to display on Start Menu -->
    <!-- Callback items are function calls or commands for toolbox -->
    <!-- Refresh the Start button to see your entries -->
    <!-- Remove this list if you do not want a Start button entry -->
    <list>
         <listitem>
            <!-- The label provides the text for this menu item --> 
            <label>Help</label>
            <!-- This callback is a command to open your documentation -->
            <callback>doc</callback>
              <!-- Menu item icon (a toolbox icon from the help browser ) -->
              <icon>$toolbox/matlab/icons/book_mat.gif</icon>
        </listitem>
        <!--listitem>
            <!- A menu item label for a opening a demo ->
            <label>Demos</label>
            <!- A command to open a demo if any ->
            <callback>demo toolbox</callback>
            <!- The icon for this menu item ->
            <icon>$toolbox/matlab/icons/demoicon.gif</icon>
        </listitem-->
        <listitem>
             <!-- Include call to open your Web site, if any -->
           <label>Developer Page (web)</label>
            <callback>web www.github.com/jemoster/aerospace-design-toolbox/ -browser;</callback>
            <icon>$docroot/techdoc/matlab_env/examples/webicon.gif</icon>
        </listitem>
        <!-- Add listitems for other features of your toolbox... -->
    </list>
</productinfo>